Date,Open,High,Low,Close,Volume
2013-01-02,46.87,47.49,46.52,47.42,1496900
2013-01-03,47.4,49.7,47.39,48.7,1525900
2013-01-04,48.88,49.05,48.46,48.7,341000
2013-01-07,48.64,49.03,48.48,48.56,610300
2013-01-08,48.54,49.16,48.48,49.04,682600
2013-01-09,49.08,49.3,48.94,49.2,411600
2013-01-10,49.5,49.64,49.22,49.6,370200
2013-01-11,49.69,50.12,49.54,49.91,317400
2013-01-14,49.65,50.35,49.57,50.32,1306200
2013-01-15,49.95,50.34,49.51,50.2,550900
2013-01-16,50.17,50.17,49.54,49.74,344100
2013-01-17,49.96,50.0,49.41,49.6,597100
2013-01-18,49.7,50.0,49.4,49.97,216400
2013-01-22,49.9,50.01,49.64,49.99,188300
2013-01-23,50.0,50.14,49.89,49.95,450300
2013-01-24,49.8,51.6,49.55,51.5,1014200
2013-01-25,51.54,53.44,51.37,52.83,1744200
2013-01-28,52.76,53.29,52.11,52.37,845400
2013-01-29,52.32,52.67,52.09,52.23,467800
2013-01-30,52.33,52.38,51.66,51.71,417800
2013-01-31,51.57,52.05,50.92,51.51,633200
2013-02-01,51.84,52.64,51.6,52.42,324000
2013-02-04,52.0,52.86,51.63,51.86,397200
2013-02-05,52.37,52.95,52.19,52.84,349000
2013-02-06,52.61,52.86,52.3,52.73,287400
2013-02-07,51.68,52.41,48.7,50.3,956500
2013-02-08,50.19,50.26,48.81,49.75,646800
2013-02-11,49.74,50.08,49.3,49.49,457000
2013-02-12,49.44,49.73,49.13,49.37,425600
2013-02-13,48.72,49.27,48.43,48.9,553400
2013-02-14,48.63,48.89,48.29,48.53,329600
2013-02-15,48.71,48.93,48.34,48.91,237500
2013-02-19,48.83,49.27,48.43,49.24,341900
2013-02-20,49.21,49.59,48.86,48.86,295400
2013-02-21,48.72,48.75,47.99,48.1,186300
2013-02-22,48.19,48.62,48.08,48.61,252900
2013-02-25,48.89,49.46,48.55,48.55,466300
2013-02-26,48.65,49.17,48.42,48.9,250900
2013-02-27,48.65,49.61,48.53,49.29,378000
2013-02-28,49.29,49.81,49.14,49.76,514500
2013-03-01,49.21,49.89,48.96,49.83,570000
2013-03-04,49.83,51.08,49.53,50.96,579000
2013-03-05,51.04,51.81,51.04,51.81,422300
2013-03-06,52.0,52.25,51.55,51.73,363800
2013-03-07,51.71,51.88,50.95,51.12,179600
2013-03-08,51.43,51.6,50.87,51.53,282500
2013-03-11,51.38,51.78,51.34,51.74,276900
2013-03-12,51.75,51.81,51.55,51.73,214900
2013-03-13,51.68,52.13,51.53,52.12,273400
2013-03-14,52.13,52.4,51.64,52.1,437000
2013-03-15,51.93,52.43,51.9,52.09,750500
2013-03-18,51.94,53.44,51.87,53.21,502800
2013-03-19,53.45,53.49,52.36,52.96,384500
2013-03-20,53.14,53.95,53.1,53.68,417800
2013-03-21,53.39,53.79,53.16,53.5,407500
2013-03-22,53.76,53.78,53.29,53.56,255000
2013-03-25,53.72,53.76,52.7,53.1,320800
2013-03-26,53.37,53.77,53.06,53.24,228500
2013-03-27,52.94,53.33,52.39,53.25,316100
2013-03-28,53.12,54.52,53.12,54.41,292000
2013-04-01,54.57,54.79,54.1,54.48,332600
2013-04-02,54.75,54.95,54.4,54.63,395900
2013-04-03,54.82,54.85,53.97,54.31,375800
2013-04-04,54.25,54.25,53.38,53.81,278700
2013-04-05,53.4,53.71,53.01,53.65,193600
2013-04-08,53.8,54.44,53.78,54.43,196200
2013-04-09,54.42,54.51,54.0,54.26,314200
2013-04-10,54.95,57.61,54.78,57.37,1018200
2013-04-11,57.53,57.53,57.16,57.39,471300
2013-04-12,57.07,57.59,56.54,57.53,327200
2013-04-15,57.34,57.34,55.56,55.6,378100
2013-04-16,56.09,56.86,55.53,56.84,321400
2013-04-17,56.49,56.62,56.02,56.36,493100
2013-04-18,56.5,56.5,55.49,56.01,399900
2013-04-19,56.21,56.41,55.63,56.33,366800
2013-04-22,56.35,56.79,55.71,56.67,224500
2013-04-23,56.95,57.31,56.16,57.12,729900
2013-04-24,57.0,57.21,56.68,56.85,348000
2013-04-25,57.12,57.4,56.92,57.06,313400
2013-04-26,57.09,57.3,56.65,56.74,238700
2013-04-29,57.02,57.06,56.64,57.0,513300
2013-04-30,56.86,58.6,56.86,57.85,1283100
2013-05-01,57.72,58.39,56.68,56.8,586700
2013-05-02,56.35,56.35,53.5,55.58,1581500
2013-05-03,56.04,56.86,55.98,56.52,804300
2013-05-06,56.4,56.55,56.04,56.33,353400
2013-05-07,56.35,57.21,56.26,57.16,571600
2013-05-08,57.14,57.69,56.77,57.69,666500
2013-05-09,57.6,57.88,57.34,57.48,340500
2013-05-10,57.47,57.94,57.43,57.83,364500
2013-05-13,57.8,57.88,56.8,57.07,305300
2013-05-14,57.09,57.89,57.09,57.87,540300
2013-05-15,58.0,58.6,57.9,58.51,656400
2013-05-16,58.69,58.69,57.55,57.57,323300
2013-05-17,57.57,57.81,57.26,57.81,337300
2013-05-20,57.76,57.98,57.48,57.71,669200
2013-05-21,57.79,58.28,57.67,58.19,411000
2013-05-22,58.2,58.2,56.85,56.96,293300
2013-05-23,56.28,56.73,56.19,56.73,323500
2013-05-24,56.46,56.74,56.01,56.71,390100
2013-05-28,57.19,57.57,56.95,57.37,310300
2013-05-29,57.01,57.38,56.33,57.08,220000
2013-05-30,57.02,57.52,56.88,57.32,141600
2013-05-31,57.14,57.57,56.6,56.61,229100
2013-06-03,56.75,56.75,55.63,56.3,236200
2013-06-04,56.41,56.94,56.09,56.09,301700
2013-06-05,56.08,56.61,55.71,55.73,277800
2013-06-06,55.85,57.24,55.57,57.24,449900
2013-06-07,57.5,57.93,56.88,57.66,351300
2013-06-10,57.66,57.68,56.92,57.12,324800
2013-06-11,56.33,57.53,55.87,57.07,198800
2013-06-12,57.26,57.26,56.42,56.62,221700
2013-06-13,56.53,57.56,56.38,57.34,246600
2013-06-14,57.33,57.6,56.98,57.02,224200
2013-06-17,57.51,58.2,57.39,57.82,217900
2013-06-18,58.01,59.09,57.96,58.74,389600
2013-06-19,58.69,58.74,57.8,57.82,180200
2013-06-20,56.88,57.54,56.37,56.41,178500
2013-06-21,56.74,57.64,56.23,57.47,591800
2013-06-24,56.59,57.1,56.22,56.38,392700
2013-06-25,56.75,56.93,55.53,56.41,323200
2013-06-26,56.83,58.1,56.64,57.04,517100
2013-06-27,57.38,58.8,57.37,58.17,373100
2013-06-28,57.98,57.98,56.72,56.99,582000
2013-07-01,57.12,58.3,57.12,57.7,702600
2013-07-02,57.64,58.17,57.1,57.43,268800
2013-07-03,57.15,58.21,57.15,58.03,121300
2013-07-05,58.1,59.17,58.1,59.11,145900
2013-07-08,59.54,60.19,59.42,59.94,262700
2013-07-09,60.44,60.75,59.6,59.67,528700
2013-07-10,59.54,60.42,59.54,60.18,166500
2013-07-11,60.92,61.5,60.69,61.26,234500
2013-07-12,61.39,61.89,60.81,61.21,105300
2013-07-15,61.12,61.29,60.54,61.06,178800
2013-07-16,61.12,61.12,59.41,60.17,326200
2013-07-17,60.3,60.41,59.79,59.92,315100
2013-07-18,60.19,60.72,59.31,60.06,418400
2013-07-19,59.9,60.23,59.69,60.07,240300
2013-07-22,60.13,60.64,60.0,60.55,184400
2013-07-23,60.61,61.05,60.31,60.62,193000
2013-07-24,60.75,60.93,60.1,60.8,291600
2013-07-25,60.74,61.48,60.45,61.36,209900
2013-07-26,61.01,61.34,60.19,60.37,219800
2013-07-29,60.1,60.61,60.1,60.39,115700
2013-07-30,60.71,61.05,60.37,60.47,234800
2013-07-31,60.43,60.73,59.61,60.01,516800
2013-08-01,60.65,63.0,60.43,62.08,797800
2013-08-02,57.84,59.62,56.56,56.74,1597900
2013-08-05,56.53,57.99,55.75,57.0,1450800
2013-08-06,57.25,58.19,57.18,57.87,686900
2013-08-07,57.79,58.65,56.71,56.95,1284500
2013-08-08,57.15,58.01,57.15,57.86,326900
2013-08-09,57.95,58.37,57.81,58.26,407800
2013-08-12,57.85,59.3,57.82,59.28,376700
2013-08-13,59.21,59.85,59.16,59.77,678400
2013-08-14,59.57,59.95,59.5,59.59,553600
2013-08-15,59.11,59.34,58.37,58.37,602600
2013-08-16,58.25,58.85,58.07,58.42,321700
2013-08-19,58.27,58.87,57.95,58.08,347000
2013-08-20,58.21,58.66,58.01,58.37,184800
2013-08-21,58.02,58.36,57.56,57.57,324100
2013-08-22,57.8,58.99,57.58,58.55,196300
2013-08-23,58.58,58.98,57.79,58.51,395700
2013-08-26,58.47,59.07,58.32,58.55,353100
2013-08-27,57.85,58.45,57.59,57.74,260800
2013-08-28,57.62,58.13,57.6,57.78,326800
2013-08-29,57.51,58.76,57.51,58.61,303300
2013-08-30,58.54,58.54,57.88,57.97,511100
2013-09-03,57.95,58.6,56.71,57.03,1147700
2013-09-04,57.2,57.9,57.01,57.56,678200
2013-09-05,57.42,58.0,57.42,57.51,447600
2013-09-06,57.55,57.72,56.58,56.93,433200
2013-09-09,57.13,57.96,57.12,57.7,533000
2013-09-10,58.18,58.42,58.02,58.29,531700
2013-09-11,58.22,58.63,58.11,58.19,305900
2013-09-12,58.11,58.33,57.84,57.9,208000
2013-09-13,57.83,57.93,56.87,56.95,839600
2013-09-16,57.33,57.54,56.55,56.78,1184000
2013-09-17,56.91,57.0,56.57,56.89,1511500
2013-09-18,56.97,57.99,56.66,57.81,1601600
2013-09-19,58.06,58.8,57.95,58.68,519400
2013-09-20,59.76,59.78,58.45,58.53,965200
2013-09-23,58.33,59.43,58.25,59.26,804100
2013-09-24,59.12,59.79,58.92,59.57,392700
2013-09-25,59.5,59.94,59.24,59.24,276100
2013-09-26,59.14,59.86,58.96,59.7,510700
2013-09-27,59.29,60.13,59.13,59.98,382100
2013-09-30,59.29,60.28,59.22,60.0,487000
2013-10-01,59.96,60.87,59.42,59.78,819200
2013-10-02,59.52,59.77,59.18,59.62,263400
2013-10-03,59.31,59.42,58.26,59.36,602600
2013-10-04,59.53,60.25,59.0,60.01,282600
2013-10-07,59.53,60.07,59.33,59.51,349700
2013-10-08,59.45,59.61,58.46,58.49,240700
2013-10-09,58.56,58.56,57.38,57.68,431200
2013-10-10,58.41,59.0,58.07,58.95,361900
2013-10-11,58.96,59.36,58.68,59.07,234900
2013-10-14,58.82,59.28,58.53,59.08,366600
2013-10-15,59.05,59.62,58.19,58.47,308300
2013-10-16,58.81,59.43,58.75,59.38,525200
2013-10-17,59.32,60.17,58.94,60.09,291800
2013-10-18,60.19,60.79,59.96,60.71,343400
2013-10-21,60.85,61.22,60.6,61.18,276800
2013-10-22,61.23,61.44,60.57,61.09,229900
2013-10-23,60.72,60.73,59.92,60.49,207300
2013-10-24,60.56,60.75,60.25,60.61,158800
2013-10-25,60.81,60.94,60.14,60.94,182800
2013-10-28,60.92,61.12,60.53,61.1,462600
2013-10-29,61.4,61.4,60.43,60.89,383200
2013-10-30,60.96,60.96,60.01,60.11,223200
2013-10-31,60.07,60.21,58.92,58.95,520400
2013-11-01,59.19,59.78,59.07,59.19,410000
2013-11-04,59.46,59.55,58.82,58.85,416300
2013-11-05,58.72,58.83,58.41,58.45,367800
2013-11-06,58.68,59.05,57.99,58.5,576500
2013-11-07,58.57,59.51,57.19,57.82,748800
2013-11-08,58.08,60.25,58.08,60.24,586900
2013-11-11,60.0,60.84,60.0,60.78,375900
2013-11-12,60.57,61.35,60.57,61.33,423600
2013-11-13,61.06,62.3,60.97,62.27,290900
2013-11-14,62.25,63.11,62.03,63.06,392000
2013-11-15,63.05,63.51,63.05,63.49,382600
2013-11-18,63.55,64.47,63.51,64.21,414400
2013-11-19,64.17,64.64,63.85,64.57,424900
2013-11-20,64.57,64.57,64.02,64.34,542600
2013-11-21,63.94,64.74,63.85,64.45,332700
2013-11-22,64.37,64.68,64.16,64.59,269600
2013-11-25,64.68,64.68,64.36,64.55,163000
2013-11-26,64.44,65.53,64.25,65.37,319500
2013-11-27,65.44,65.74,65.19,65.6,200300
2013-11-29,65.75,65.75,64.65,64.65,270100
2013-12-02,64.59,65.68,64.43,65.43,309000
2013-12-03,65.01,65.57,64.68,65.43,234600
2013-12-04,64.83,65.46,63.95,65.03,440400
2013-12-05,65.88,65.88,64.86,65.72,374900
2013-12-06,66.48,66.63,65.84,66.49,426700
2013-12-09,66.84,66.84,65.75,66.18,327000
2013-12-10,65.81,66.34,65.62,65.83,340100
2013-12-11,66.84,66.84,65.3,65.4,425300
2013-12-12,65.28,66.3,65.08,66.21,373800
2013-12-13,66.28,66.52,66.07,66.46,370300
2013-12-16,68.21,68.21,66.58,67.08,320000
2013-12-17,67.04,67.33,66.4,67.29,387800
2013-12-18,67.2,68.0,66.99,67.85,552600
2013-12-19,67.88,68.08,67.23,67.59,329000
2013-12-20,67.62,68.84,67.32,68.74,911200
2013-12-23,69.15,69.76,68.9,69.51,475100
2013-12-24,69.4,70.38,68.74,70.3,219300
2013-12-26,70.29,71.47,70.29,71.22,488400
2013-12-27,70.9,71.49,70.23,70.23,365800
2013-12-30,70.03,70.8,69.8,70.58,400300
2013-12-31,70.68,71.22,70.68,71.05,300200
2014-01-02,70.89,70.92,69.58,69.8,377400
2014-01-03,69.94,70.56,69.65,69.74,347600
2014-01-06,70.03,70.63,68.9,69.05,417600
2014-01-07,69.27,69.54,68.81,69.05,429100
2014-01-08,69.16,69.58,68.68,69.56,449700
2014-01-09,69.87,70.04,69.55,70.03,232700
2014-01-10,68.82,70.09,68.65,69.87,353300
2014-01-13,69.61,69.96,68.28,68.49,409700
2014-01-14,68.83,69.35,68.35,69.04,335300
2014-01-15,69.13,69.53,69.13,69.28,387000
2014-01-16,70.81,70.84,69.19,69.59,474300
2014-01-17,69.35,69.9,69.04,69.34,348300
2014-01-21,69.75,70.05,69.15,69.4,172300
2014-01-22,69.68,70.33,68.92,69.72,313900
2014-01-23,69.38,69.66,68.91,69.52,468600
2014-01-24,69.27,69.86,68.01,68.19,306500
2014-01-27,68.31,68.52,67.35,68.03,699900
2014-01-28,68.07,69.06,68.07,69.03,284900
2014-01-29,68.6,69.26,68.22,68.8,413900
2014-01-30,69.32,70.49,68.76,70.32,286700
2014-01-31,70.12,70.72,68.98,70.33,518000
2014-02-03,70.16,70.65,65.63,65.71,839600
2014-02-04,65.96,66.76,65.39,66.53,687700
2014-02-05,66.53,67.03,65.87,66.57,514600
2014-02-06,62.9,64.03,61.28,62.51,2447200
2014-02-07,62.81,65.45,62.46,65.33,848000
2014-02-10,65.2,65.38,63.97,64.64,426000
2014-02-11,64.63,65.82,64.63,65.4,459500
2014-02-12,65.63,66.41,65.53,66.25,526800
2014-02-13,66.23,67.54,65.62,67.06,640000
2014-02-14,66.8,67.26,66.52,66.64,496100
2014-02-18,66.8,66.81,66.29,66.37,521500
2014-02-19,66.24,66.86,65.72,65.74,362600
2014-02-20,65.95,66.24,65.16,65.77,464600
2014-02-21,65.9,66.8,65.32,66.54,391700
2014-02-24,66.5,67.96,66.5,67.55,512900
2014-02-25,67.5,68.28,67.43,68.14,352100
2014-02-26,68.34,69.44,68.25,68.96,552800
2014-02-27,68.8,69.67,68.64,69.45,544700
2014-02-28,69.23,70.35,69.05,69.56,497400
2014-03-03,68.61,69.84,68.28,69.5,448600
2014-03-04,70.08,71.73,69.99,71.39,558100
2014-03-05,71.45,72.0,70.95,71.49,493500
2014-03-06,71.5,72.66,71.23,72.22,380500
2014-03-07,72.36,73.02,72.11,73.0,478100
2014-03-10,72.72,73.35,72.22,72.83,444000
2014-03-11,72.94,73.3,72.31,72.65,324400
2014-03-12,72.27,73.24,72.0,73.08,479000
2014-03-13,73.23,73.29,71.56,71.82,420100
2014-03-14,71.61,72.65,71.61,72.12,351200
2014-03-17,72.38,73.47,72.31,72.49,314200
2014-03-18,72.6,73.52,72.6,73.35,259200
2014-03-19,73.21,73.24,72.2,72.54,309500
2014-03-20,72.35,72.98,72.05,72.9,271700
2014-03-21,73.18,73.53,72.23,72.7,933400
2014-03-24,71.97,72.45,70.56,71.26,603900
2014-03-25,71.6,71.83,70.58,70.74,402800
2014-03-26,71.04,71.27,68.78,68.81,878600
2014-03-27,68.8,68.88,67.25,67.58,829600
2014-03-28,67.74,68.4,66.98,67.06,664100
2014-03-31,67.73,69.52,67.54,69.44,866600
2014-04-01,69.59,70.62,69.47,70.31,719200
2014-04-02,70.45,70.75,70.05,70.12,311400
2014-04-03,70.03,70.78,68.75,69.21,420100
2014-04-04,69.55,69.67,67.79,67.85,442800
2014-04-07,67.64,68.04,66.23,66.89,555800
2014-04-08,66.91,67.75,66.5,67.28,438200
2014-04-09,67.47,68.76,67.27,68.63,270900
2014-04-10,66.73,68.87,66.3,66.49,373300
2014-04-11,65.61,67.15,65.61,65.73,365900
2014-04-14,66.23,67.21,65.75,66.56,393600
2014-04-15,66.7,67.4,65.55,66.81,389900
2014-04-16,67.23,68.16,66.68,67.75,380700
2014-04-17,67.43,68.09,67.06,67.57,283600
2014-04-21,67.59,67.92,67.35,67.5,297100
2014-04-22,67.54,69.06,67.54,68.4,322000
2014-04-23,68.41,68.47,67.61,67.63,311300
2014-04-24,68.01,68.53,66.73,67.03,610100
2014-04-25,66.87,67.1,65.92,66.15,488500
2014-04-28,66.46,67.67,65.59,66.66,474100
2014-04-29,66.83,67.94,66.48,67.56,351000
2014-04-30,67.53,69.06,67.08,68.94,643500
2014-05-01,73.0,74.9,71.25,73.54,976300
2014-05-02,73.86,75.61,73.51,74.9,695100
2014-05-05,74.3,74.5,72.99,73.3,725400
2014-05-06,72.83,73.3,71.78,72.24,657000
2014-05-07,72.1,72.24,70.85,71.31,655600
2014-05-08,71.11,71.75,69.83,69.88,959100
2014-05-09,69.67,70.24,68.92,69.5,1048700
2014-05-12,69.72,71.13,69.72,71.06,631900
2014-05-13,71.19,71.22,70.56,70.59,413100
2014-05-14,70.5,70.61,69.33,69.57,650400
2014-05-15,69.47,69.48,67.85,68.48,626200
2014-05-16,68.34,70.14,68.11,70.01,820800
2014-05-19,69.88,70.91,69.88,70.51,309100
2014-05-20,70.44,70.6,69.82,70.4,567800
2014-05-21,70.53,70.85,70.07,70.11,382400
2014-05-22,70.11,70.69,69.94,70.01,269400
2014-05-23,67.91,70.83,67.91,70.73,258800
2014-05-27,70.85,71.41,70.5,71.29,265700
2014-05-28,71.33,71.43,70.72,71.1,329300
2014-05-29,71.1,71.34,70.61,71.1,263300
2014-05-30,71.05,71.54,70.91,71.09,409200
2014-06-02,71.16,71.46,70.21,71.17,338000
2014-06-03,70.96,71.34,70.88,71.28,320300
2014-06-04,71.23,72.48,70.93,72.46,508000
2014-06-05,72.76,73.07,71.56,72.0,433000
2014-06-06,72.24,72.44,71.81,72.05,527000
2014-06-09,71.75,72.49,71.57,71.97,312400
2014-06-10,71.9,72.32,71.24,71.4,280600
2014-06-11,71.16,71.25,70.45,70.75,308700
2014-06-12,70.64,70.64,69.82,70.2,340900
2014-06-13,70.34,70.72,69.98,70.1,289900
2014-06-16,69.91,70.24,69.38,69.58,356100
2014-06-17,69.52,70.64,69.2,70.02,496500
2014-06-18,70.07,70.2,69.43,69.77,429900
2014-06-19,69.9,69.92,69.15,69.34,452900
2014-06-20,69.46,69.96,69.43,69.67,1173000
2014-06-23,69.8,69.8,69.11,69.43,273700
2014-06-24,69.12,69.93,68.8,68.81,290600
2014-06-25,68.79,69.68,68.63,69.42,340300
2014-06-26,69.43,69.43,68.69,68.9,218800
2014-06-27,68.61,70.22,68.41,70.2,482400
2014-06-30,70.03,70.54,69.79,70.52,405900
2014-07-01,70.89,72.69,70.89,72.08,560800
2014-07-02,71.92,72.11,70.58,70.67,281900
2014-07-03,70.95,71.7,70.95,71.46,199800
2014-07-07,70.98,71.44,70.86,70.99,309200
2014-07-08,70.77,71.08,70.45,70.7,357300
2014-07-09,70.8,71.51,70.63,71.29,350800
2014-07-10,70.01,70.53,69.85,70.47,411500
2014-07-11,70.26,71.01,70.04,70.95,292000
2014-07-14,71.53,71.68,70.96,71.11,253000
2014-07-15,71.2,71.42,70.54,71.0,209400
2014-07-16,71.46,71.46,70.53,70.85,430000
2014-07-17,70.46,71.17,69.73,69.91,275100
2014-07-18,70.0,70.5,69.49,70.31,257600
2014-07-21,69.77,70.04,69.21,69.96,318000
2014-07-22,70.14,70.67,69.84,70.2,274700
2014-07-23,70.39,70.73,70.03,70.25,404700
2014-07-24,70.49,70.66,69.95,70.05,307100
2014-07-25,69.95,70.29,69.74,69.89,279600
2014-07-28,69.9,69.9,69.32,69.49,307700
2014-07-29,69.3,69.93,69.18,69.22,364900
2014-07-30,69.38,70.04,69.24,69.47,281000
2014-07-31,68.82,69.38,68.04,68.42,561300
2014-08-01,68.29,68.65,67.83,68.5,724700
2014-08-04,68.81,69.47,67.91,69.4,452700
2014-08-05,70.85,72.43,69.71,72.08,1028800
2014-08-06,71.83,72.08,71.06,71.09,420500
2014-08-07,71.27,72.05,70.93,71.08,490000
2014-08-08,71.27,72.28,71.1,72.15,278000
2014-08-11,72.41,73.26,71.79,72.6,347300
2014-08-12,72.54,73.19,71.76,72.16,231700
2014-08-13,72.37,72.68,71.94,72.51,257500
2014-08-14,72.57,73.05,72.45,72.93,202700
2014-08-15,73.3,73.74,71.94,72.06,352600
2014-08-18,72.39,73.01,72.39,72.91,207900
2014-08-19,72.89,73.78,72.71,73.78,390700
2014-08-20,73.49,73.91,73.4,73.69,246800
2014-08-21,73.72,73.97,73.4,73.85,240500
2014-08-22,73.58,74.9,73.44,74.02,270100
2014-08-25,74.52,74.52,73.52,73.78,148800
2014-08-26,73.97,74.4,73.7,74.12,179100
2014-08-27,74.16,74.17,73.63,74.14,162500
2014-08-28,73.97,74.44,73.42,74.03,265000
2014-08-29,74.04,74.66,73.78,74.59,225300
2014-09-02,74.75,75.48,74.39,75.32,389600
2014-09-03,75.44,75.72,74.92,75.08,196900
2014-09-04,75.01,75.71,74.95,75.18,307100
2014-09-05,74.92,75.92,74.63,75.89,279500
2014-09-08,75.79,76.0,75.51,75.9,292200
2014-09-09,75.98,76.01,74.92,75.33,281000
2014-09-10,75.27,76.35,75.27,76.35,313000
2014-09-11,76.17,76.77,76.04,76.63,360000
2014-09-12,76.65,76.82,76.24,76.79,443700
2014-09-15,76.71,76.71,75.94,76.34,580100
2014-09-16,76.15,76.81,75.81,76.36,372800
2014-09-17,76.31,76.32,75.09,75.3,475600
2014-09-18,75.7,75.83,75.09,75.75,294200
2014-09-19,75.78,76.15,74.63,74.73,719300
2014-09-22,74.8,74.95,74.15,74.43,343500
2014-09-23,73.99,74.52,73.18,73.18,263100
2014-09-24,73.34,74.47,72.93,74.32,529800
2014-09-25,74.24,74.24,72.62,72.82,604000
2014-09-26,72.82,73.4,72.55,73.28,226800
2014-09-29,72.5,73.95,72.41,73.81,269900
2014-09-30,73.84,73.97,73.35,73.47,386600
2014-10-01,73.34,73.72,73.02,73.25,605200
2014-10-02,73.47,74.1,73.07,73.81,355900
2014-10-03,74.2,76.1,74.2,75.61,605900
2014-10-06,75.9,75.99,75.23,75.31,616400
2014-10-07,74.58,75.46,74.33,74.44,571900
2014-10-08,74.44,74.76,73.48,74.74,402400
2014-10-09,74.37,75.43,73.54,73.6,257500
2014-10-10,73.66,74.46,72.53,72.57,291000
2014-10-13,72.69,73.58,72.14,72.53,404800
2014-10-14,73.0,73.65,72.62,73.19,322800
2014-10-15,71.62,72.99,71.22,72.43,544300
2014-10-16,71.4,72.88,71.32,72.58,368800
2014-10-17,73.25,73.87,72.87,73.6,207800
2014-10-20,73.57,74.37,73.57,74.37,253300
2014-10-21,74.7,76.02,74.56,76.0,363300
2014-10-22,76.43,76.85,75.84,75.9,280600
2014-10-23,77.02,77.77,76.51,77.23,283800
2014-10-24,76.06,77.37,75.95,77.31,243300
2014-10-27,77.15,77.49,76.49,77.03,263500
2014-10-28,77.58,78.85,77.38,78.85,230000
2014-10-29,79.11,79.32,78.32,78.99,265900
2014-10-30,78.65,79.97,78.53,79.78,190600
2014-10-31,80.85,81.04,80.25,80.71,355000
2014-11-03,80.77,81.34,80.33,80.8,367300
2014-11-04,80.78,81.24,80.22,80.53,202500
2014-11-05,81.0,81.08,80.0,80.41,506800
2014-11-06,82.0,85.61,81.66,84.6,1325600
2014-11-07,84.91,84.99,83.5,83.54,701100
2014-11-10,83.46,84.41,83.31,83.89,710000
2014-11-11,84.09,84.57,83.72,84.57,312400
2014-11-12,84.1,85.65,83.96,85.62,265300
2014-11-13,85.97,86.3,85.46,85.7,229400
2014-11-14,85.83,86.53,85.31,86.05,315600
2014-11-17,86.01,86.77,85.74,86.39,283300
2014-11-18,86.64,87.11,85.74,85.85,410000
2014-11-19,85.53,85.95,84.32,85.07,284700
2014-11-20,84.35,84.45,83.6,83.95,493200
2014-11-21,84.57,84.76,83.91,84.06,203600
2014-11-24,84.44,85.07,84.0,84.89,298800
2014-11-25,84.89,85.22,84.49,84.68,146100
2014-11-26,84.52,85.04,84.25,84.49,191100
2014-11-28,84.49,86.71,84.27,85.48,197400
2014-12-01,85.3,86.2,84.43,84.81,325600
2014-12-02,85.1,85.36,84.07,84.66,262900
2014-12-03,85.12,85.39,83.37,84.8,479700
2014-12-04,84.85,85.16,83.91,84.14,324900
2014-12-05,84.53,85.01,84.14,84.8,277300
2014-12-08,84.78,84.83,83.23,83.35,241200
2014-12-09,82.32,83.95,82.14,83.87,299000
2014-12-10,83.78,84.44,83.62,83.88,370600
2014-12-11,83.98,84.99,83.88,84.5,340300
2014-12-12,83.84,84.22,82.59,82.72,312700
2014-12-15,82.64,84.63,82.51,84.28,411000
2014-12-16,83.99,84.04,82.77,82.97,380400
2014-12-17,83.2,85.28,82.39,85.13,330000
2014-12-18,85.87,87.43,85.64,87.4,249600
2014-12-19,87.16,87.58,85.77,86.51,627500
2014-12-22,86.37,86.82,85.38,85.69,265900
2014-12-23,85.95,86.14,85.0,85.69,392700
2014-12-24,85.53,86.71,85.36,85.92,103900
2014-12-26,86.31,86.45,85.37,85.42,129000
2014-12-29,85.17,85.88,84.95,85.56,178800
2014-12-30,85.11,86.05,84.97,85.01,128600
2014-12-31,85.34,85.6,84.15,84.21,223300
2015-01-02,84.64,84.85,82.73,83.6,206700
2015-01-05,82.88,83.79,82.07,82.1,276500
2015-01-06,81.92,82.58,81.07,81.35,352000
2015-01-07,81.71,82.7,81.38,82.6,222900
2015-01-08,83.02,83.84,82.71,83.43,260200
2015-01-09,83.63,83.8,82.41,83.11,295200
2015-01-12,83.53,83.53,82.65,82.76,191300
2015-01-13,83.53,85.17,82.41,83.28,203500
2015-01-14,82.25,83.06,82.04,82.52,187600
2015-01-15,82.93,83.12,81.58,81.92,262500
2015-01-16,81.87,83.99,81.87,83.92,247500
2015-01-20,83.83,84.75,82.65,84.17,243900
2015-01-21,84.27,84.88,83.37,84.34,313400
2015-01-22,84.61,86.18,83.66,85.92,181500
2015-01-23,85.91,86.25,85.32,85.6,146400
2015-01-26,85.45,85.91,84.79,85.64,278500
2015-01-27,84.72,85.57,83.73,84.43,261100
2015-01-28,85.49,85.85,84.15,84.56,218800
2015-01-29,84.82,85.95,83.22,85.93,240300
2015-01-30,85.43,86.28,83.89,84.22,420400
2015-02-02,84.0,84.4,81.6,83.09,439600
2015-02-03,83.45,84.64,83.11,84.62,257800
2015-02-04,84.53,85.67,84.53,85.34,320300
2015-02-05,82.42,82.42,76.72,79.05,2232300
2015-02-06,78.61,79.58,77.49,78.67,1168000
2015-02-09,78.59,78.92,77.81,77.92,413900
2015-02-10,78.0,78.37,77.22,78.08,752700
2015-02-11,78.21,78.79,74.39,78.45,757100
2015-02-12,78.94,80.09,78.68,79.89,675400
2015-02-13,79.98,81.65,79.94,81.53,553500
2015-02-17,81.22,81.41,80.11,80.84,806100
2015-02-18,80.52,82.74,80.25,82.65,528800
2015-02-19,82.39,83.61,82.24,83.32,506700
2015-02-20,83.03,84.6,82.88,84.25,519100
2015-02-23,84.4,84.45,83.53,83.99,460600
2015-02-24,84.23,84.93,84.12,84.77,551300
2015-02-25,84.24,85.03,84.24,84.36,505200
2015-02-26,84.48,84.8,83.56,83.6,705200
2015-02-27,83.46,84.5,83.05,83.11,819600
2015-03-02,83.3,83.4,82.07,82.57,742000
2015-03-03,82.4,82.59,81.71,82.18,643000
2015-03-04,81.81,82.43,81.13,81.18,704300
2015-03-05,81.5,81.9,80.77,81.64,587600
2015-03-06,81.42,82.13,80.8,80.99,519900
2015-03-09,80.88,81.95,80.67,81.2,551300
2015-03-10,80.67,81.06,79.85,79.87,554700
2015-03-11,79.89,80.72,79.6,79.92,664600
2015-03-12,80.3,80.74,79.82,80.44,646200
2015-03-13,80.15,80.57,79.35,80.35,605500
2015-03-16,80.48,81.79,80.37,81.45,514100
2015-03-17,81.4,81.8,81.25,81.65,409800
2015-03-18,81.4,81.9,80.95,81.6,449300
2015-03-19,81.61,82.17,81.47,81.73,299500
2015-03-20,81.92,83.14,81.92,83.03,879500
2015-03-23,83.03,84.05,82.78,83.78,437900
2015-03-24,83.61,83.69,82.98,83.13,400200
2015-03-25,83.16,83.29,81.47,81.47,428700
2015-03-26,81.01,81.98,80.79,81.58,295800
2015-03-27,81.37,82.52,81.23,82.42,268700
2015-03-30,82.64,84.36,82.54,84.2,440900
2015-03-31,83.69,84.12,83.52,83.85,404600
2015-04-01,83.64,83.66,82.41,83.41,511800
2015-04-02,83.19,83.85,82.98,83.31,328400
2015-04-06,82.7,83.72,82.7,83.66,538100
2015-04-07,83.77,84.25,83.64,83.7,274900
2015-04-08,83.86,84.47,83.45,84.32,364300
2015-04-09,84.16,84.65,83.49,84.45,313900
2015-04-10,84.71,84.71,84.12,84.66,228700
2015-04-13,84.47,84.86,83.85,83.98,270800
2015-04-14,84.05,84.41,83.61,83.97,382000
2015-04-15,84.13,84.74,84.02,84.14,311600
2015-04-16,83.8,84.54,83.58,84.4,250400
2015-04-17,83.94,83.94,82.86,83.12,270500
2015-04-20,83.68,84.12,83.48,83.86,215300
2015-04-21,84.36,84.59,83.54,83.56,455800
2015-04-22,83.36,83.51,82.35,82.88,689200
2015-04-23,82.73,84.49,82.73,84.25,732900
2015-04-24,84.18,84.32,83.38,83.47,356200
2015-04-27,83.47,83.96,82.93,83.12,354400
2015-04-28,83.24,83.52,82.53,83.28,349700
2015-04-29,83.14,83.77,82.61,83.14,320400
2015-04-30,82.78,84.02,82.55,82.98,586100
2015-05-01,83.38,84.76,83.09,84.09,454100
2015-05-04,84.35,85.44,84.35,84.69,464500
2015-05-05,84.69,84.81,83.45,83.63,353800
2015-05-06,83.64,84.19,83.27,84.1,442800
2015-05-07,84.46,85.96,84.15,84.98,391600
2015-05-08,86.03,87.32,85.34,85.61,504000
2015-05-11,85.34,86.33,84.41,84.47,362100
2015-05-12,84.2,84.24,82.95,83.75,288400
2015-05-13,85.09,86.36,84.17,86.2,783500
2015-05-14,86.5,88.12,86.41,88.04,760300
2015-05-15,87.69,88.15,86.89,87.47,715000
2015-05-18,87.2,87.87,87.16,87.76,481400
2015-05-19,87.64,87.94,87.25,87.42,348700
2015-05-20,87.65,88.51,87.31,88.13,808700
2015-05-21,88.3,88.3,87.63,87.72,459800
2015-05-22,87.47,88.0,87.19,87.21,850500
2015-05-26,87.02,87.33,86.5,86.97,1034600
2015-05-27,87.08,88.52,86.78,88.41,661600
2015-05-28,88.53,88.8,87.58,88.22,601300
2015-05-29,88.5,88.65,86.93,87.48,3523800
2015-06-01,87.88,88.73,86.58,86.88,802900
2015-06-02,86.45,86.98,85.96,86.67,372000
2015-06-03,86.67,87.89,86.46,87.31,442200
2015-06-04,86.52,87.12,86.35,86.59,382600
2015-06-05,86.4,87.12,85.96,87.06,391500
2015-06-08,86.82,87.27,85.91,86.0,364500
2015-06-09,85.74,86.33,85.25,85.87,253600
2015-06-10,86.36,86.91,85.92,86.71,270900
2015-06-11,86.74,87.44,86.72,87.41,260100
2015-06-12,87.1,87.26,86.55,86.99,246800
2015-06-15,86.16,86.68,85.06,86.59,279700
2015-06-16,86.46,87.63,86.4,87.53,256800
2015-06-17,87.75,87.98,87.41,87.71,320200
2015-06-18,87.9,88.33,87.55,88.05,360400
2015-06-19,87.84,88.15,87.45,87.78,754200
2015-06-22,87.95,88.43,87.56,88.36,419800
2015-06-23,88.58,89.07,88.21,89.07,310900
2015-06-24,89.1,89.1,87.6,87.74,270200
2015-06-25,87.94,88.13,87.19,87.79,203100
2015-06-26,88.08,88.41,87.2,87.62,513800
2015-06-29,87.03,87.44,85.42,85.51,287900
2015-06-30,86.02,86.15,85.2,85.78,465400
2015-07-01,86.5,87.09,85.64,86.14,379100
2015-07-02,86.46,86.62,85.42,86.5,321800
2015-07-06,85.84,87.12,85.84,86.34,223800
2015-07-07,86.54,86.8,85.29,86.05,327600
2015-07-08,85.61,86.01,84.79,85.28,293100
2015-07-09,86.41,86.41,85.31,85.33,182200
2015-07-10,86.78,86.85,85.84,86.12,300600
2015-07-13,86.64,87.21,86.22,86.27,419300
2015-07-14,86.68,87.06,86.4,86.94,439300
2015-07-15,86.89,87.25,86.54,86.89,171300
2015-07-16,87.17,88.19,87.0,88.1,292700
2015-07-17,88.05,88.05,86.94,87.41,191700
2015-07-20,87.34,87.89,87.09,87.55,145600
2015-07-21,87.38,87.72,86.41,86.44,219500
2015-07-22,86.08,87.38,85.95,87.04,207000
2015-07-23,87.07,87.83,86.44,86.67,203500
2015-07-24,86.58,87.34,85.91,86.22,225500
2015-07-27,85.54,85.72,85.14,85.42,186400
2015-07-28,85.8,86.09,84.88,85.84,228300
2015-07-29,85.71,87.27,85.36,86.97,295300
2015-07-30,86.1,87.65,84.9,87.54,387000
2015-07-31,87.92,89.05,87.32,88.57,443900
2015-08-03,88.35,88.74,87.73,88.73,316300
2015-08-04,88.52,89.24,87.81,89.22,449700
2015-08-05,90.0,92.22,89.83,91.9,489800
2015-08-06,91.99,91.99,89.47,89.85,335900
2015-08-07,89.71,90.1,88.61,89.8,171700
2015-08-10,90.53,91.17,90.48,90.89,164100
2015-08-11,90.04,91.14,89.69,90.15,219900
2015-08-12,89.55,90.65,88.89,90.45,199900
2015-08-13,90.51,91.11,90.23,90.55,165200
2015-08-14,90.66,91.7,89.93,91.09,274000
2015-08-17,90.61,91.81,90.31,91.78,193000
2015-08-18,91.62,92.46,91.41,91.54,216000
2015-08-19,91.11,91.68,90.27,90.83,228300
2015-08-20,89.83,91.25,89.05,89.06,280000
2015-08-21,88.42,89.23,86.47,86.57,279000
2015-08-24,82.23,85.58,79.93,83.28,674600
2015-08-25,84.56,85.29,82.67,82.73,469500
2015-08-26,84.12,85.27,82.9,84.89,301300
2015-08-27,85.57,87.21,84.89,86.41,336100
2015-08-28,86.42,86.87,85.58,86.8,324900
2015-08-31,86.6,86.6,85.24,85.51,445300
2015-09-01,83.8,84.61,83.2,83.37,363700
2015-09-02,84.4,85.03,83.43,85.03,234000
2015-09-03,85.32,85.91,85.09,85.45,157900
2015-09-04,84.44,84.91,83.86,84.17,133400
2015-09-08,85.52,86.59,85.33,86.47,206900
2015-09-09,87.25,88.01,85.22,85.29,225500
2015-09-10,85.3,86.28,85.02,85.51,202900
2015-09-11,85.21,86.74,84.86,86.54,135900
2015-09-14,86.27,86.6,85.92,86.08,115000
2015-09-15,86.36,87.4,85.89,87.36,120200
2015-09-16,87.36,88.28,86.78,88.19,136800
2015-09-17,88.36,88.94,87.82,87.91,142400
2015-09-18,87.1,88.25,87.01,87.39,437900
2015-09-21,87.78,89.14,87.57,88.29,217900
2015-09-22,87.31,87.88,87.09,87.68,195400
2015-09-23,87.71,88.13,87.27,87.65,113000
2015-09-24,86.49,87.69,85.73,86.04,387300
2015-09-25,86.53,86.85,85.96,86.31,346000
2015-09-28,85.91,86.14,84.0,84.22,181900
2015-09-29,84.15,84.35,83.34,83.67,364500
2015-09-30,84.52,84.76,83.34,83.93,626900
2015-10-01,83.77,84.1,81.86,83.1,731600
2015-10-02,82.3,83.99,81.52,83.95,549100
2015-10-05,84.42,84.87,83.97,84.25,742100
2015-10-06,83.99,84.3,83.64,84.0,426000
2015-10-07,84.42,84.79,83.95,84.0,948300
2015-10-08,83.95,84.67,83.21,84.38,848500
2015-10-09,84.51,85.48,84.3,85.4,575600
2015-10-12,85.51,86.34,85.23,86.28,324900
2015-10-13,85.99,86.66,85.89,86.15,239200
2015-10-14,86.39,86.55,84.65,84.84,183700
2015-10-15,85.23,86.42,84.97,86.35,232000
2015-10-16,86.35,87.12,85.54,86.04,174900
2015-10-19,85.79,86.96,85.62,86.96,165300
2015-10-20,86.91,87.34,86.6,86.95,165800
2015-10-21,86.93,87.24,85.91,86.02,294100
2015-10-22,86.68,87.73,86.26,87.7,227800
2015-10-23,88.81,88.81,87.48,88.09,204700
2015-10-26,88.1,88.53,87.61,88.47,149800
2015-10-27,88.22,88.58,87.69,88.38,274600
2015-10-28,88.48,89.71,88.18,89.68,290700
2015-10-29,89.43,91.22,89.42,91.15,349100
2015-10-30,91.35,91.47,90.45,90.67,270100
2015-11-02,90.61,91.01,89.52,90.13,441300
2015-11-03,90.0,90.67,89.44,90.19,272500
2015-11-04,90.35,90.96,89.86,90.45,319300
2015-11-05,88.5,88.6,85.91,86.46,615200
2015-11-06,85.89,86.48,85.58,86.48,290700
2015-11-09,86.12,86.78,85.84,86.48,356400
2015-11-10,86.68,87.79,86.46,87.5,439100
2015-11-11,87.65,87.66,86.81,87.01,202300
2015-11-12,86.71,86.97,86.01,86.46,291400
2015-11-13,86.22,86.29,84.48,85.13,261500
2015-11-16,84.89,86.07,84.6,86.01,236500
2015-11-17,86.07,86.85,85.79,86.14,265900
2015-11-18,86.36,87.88,85.18,87.87,310100
2015-11-19,87.76,88.25,87.18,87.47,367300
2015-11-20,87.81,88.8,87.34,88.75,421700
2015-11-23,88.62,90.4,88.62,90.25,452500
2015-11-24,89.6,91.17,89.57,90.92,424000
2015-11-25,90.83,92.6,90.76,92.22,285800
2015-11-27,92.05,93.24,91.87,92.88,207100
2015-11-30,93.25,93.96,92.76,93.3,2060200
2015-12-01,93.77,94.82,93.36,93.87,639800
2015-12-02,93.67,94.01,92.22,92.4,395100
2015-12-03,92.79,92.86,90.57,90.88,345800
2015-12-04,90.92,91.78,90.66,91.44,408000
2015-12-07,91.36,91.64,90.49,90.81,229300
2015-12-08,90.34,91.43,89.82,91.26,235500
2015-12-09,92.67,92.78,89.49,89.72,420500
2015-12-10,89.63,90.61,89.26,89.94,209200
2015-12-11,89.11,89.46,87.55,87.99,249400
2015-12-14,88.23,88.76,87.55,88.46,270200
2015-12-15,89.03,89.86,88.27,89.73,313500
2015-12-16,90.2,91.09,89.88,90.85,258800
2015-12-17,91.02,91.45,89.96,90.49,397200
2015-12-18,90.49,90.79,88.89,88.94,661300
2015-12-21,89.41,89.78,87.97,87.97,673100
2015-12-22,88.43,89.91,88.28,89.89,326000
2015-12-23,90.15,90.94,89.76,90.83,249800
2015-12-24,90.54,91.61,90.35,91.15,173100
2015-12-28,90.69,91.53,90.44,91.5,327200
2015-12-29,92.0,92.66,91.38,92.12,218600
2015-12-30,92.04,92.39,91.56,91.6,167600
2015-12-31,91.33,92.16,90.66,90.7,224000
2016-01-04,89.73,89.73,87.41,88.13,370700
2016-01-05,88.13,89.23,87.82,89.04,453900
2016-01-06,87.84,88.74,87.67,88.41,342700
2016-01-07,86.92,87.58,85.94,86.25,325400
2016-01-08,86.61,86.94,85.59,85.71,359400
2016-01-11,85.93,86.28,84.98,85.72,296600
2016-01-12,86.4,86.85,86.04,86.65,397800
2016-01-13,87.47,87.47,84.03,84.08,323900
2016-01-14,84.23,85.89,83.33,85.41,377300
2016-01-15,83.59,86.07,83.59,86.04,521500
2016-01-19,86.86,86.86,83.76,84.73,308600
2016-01-20,83.36,84.06,81.51,83.04,497200
2016-01-21,83.02,84.03,82.23,82.58,399800
2016-01-22,83.23,84.2,82.74,84.12,713600
2016-01-25,84.68,85.94,83.06,83.28,435700
2016-01-26,83.56,85.01,83.04,84.97,438100
2016-01-27,84.58,85.13,83.4,83.59,490100
2016-01-28,84.39,85.58,83.49,85.25,353000
2016-01-29,85.48,87.9,85.16,87.89,617700
2016-02-01,87.05,89.1,86.68,88.41,499800
2016-02-02,87.81,87.81,85.87,86.26,221600
2016-02-03,87.1,87.31,85.06,86.34,426600
2016-02-04,83.0,85.03,80.0,83.99,1037500
2016-02-05,83.57,83.97,82.43,82.82,650400
2016-02-08,81.71,82.08,77.8,80.06,930500
2016-02-09,79.0,81.67,79.0,80.94,733300
2016-02-10,81.33,83.0,80.91,81.13,446100
2016-02-11,80.03,80.78,79.21,79.86,433000
2016-02-12,80.87,80.87,79.18,80.0,568700
2016-02-16,81.13,82.59,80.8,81.5,514200
2016-02-17,82.22,82.84,81.74,82.78,544500
2016-02-18,82.72,83.33,81.63,81.8,320000
2016-02-19,81.75,83.27,81.26,82.78,420900
2016-02-22,83.49,84.11,82.33,82.82,512200
2016-02-23,82.71,83.17,81.89,82.36,254600
2016-02-24,81.65,81.83,80.82,81.27,471200
2016-02-25,81.31,83.06,81.31,82.89,301900
2016-02-26,83.21,83.33,82.14,82.7,276900
2016-02-29,82.59,83.53,82.21,82.4,283100
2016-03-01,83.25,84.07,83.1,84.01,324900
2016-03-02,83.99,84.06,83.21,83.99,193300
2016-03-03,83.77,84.21,83.3,84.21,266200
2016-03-04,84.41,85.68,83.97,85.57,346000
2016-03-07,85.14,85.81,84.77,85.31,363800
2016-03-08,84.75,84.8,84.06,84.15,243600
2016-03-09,84.34,85.19,83.54,83.72,270600
2016-03-10,84.08,84.26,82.27,82.7,362900
2016-03-11,83.52,83.72,82.92,83.68,585500
2016-03-14,83.45,84.14,82.94,83.98,270700
2016-03-15,83.48,84.16,83.48,83.72,222500
2016-03-16,83.58,84.66,83.33,84.43,631200
2016-03-17,84.66,85.61,83.83,85.16,268500
2016-03-18,85.24,86.31,85.24,85.75,401100
2016-03-21,85.42,86.62,85.2,86.56,271100
2016-03-22,86.4,87.18,86.4,86.84,186700
2016-03-23,86.63,86.81,86.03,86.28,205100
2016-03-24,85.75,86.26,85.06,86.17,153700
2016-03-28,86.27,87.16,85.96,86.95,183600
2016-03-29,87.02,88.16,87.02,87.9,441200
2016-03-30,88.38,89.07,88.14,88.3,158600
2016-03-31,88.1,89.59,87.06,89.35,287000
2016-04-01,89.04,90.65,88.3,90.58,492000
2016-04-04,90.64,90.97,90.14,90.41,271300
2016-04-05,89.66,89.79,88.7,89.25,365400
2016-04-06,89.14,89.63,88.36,88.93,498800
2016-04-07,88.71,88.71,87.58,88.15,495000
2016-04-08,88.66,88.66,87.45,87.9,198600
2016-04-11,88.35,88.37,87.08,87.18,250700
2016-04-12,87.26,87.6,86.51,87.45,235000
2016-04-13,87.88,88.3,87.39,88.16,328400
2016-04-14,88.01,88.13,86.97,87.22,522100
2016-04-15,87.22,88.51,87.07,88.49,482400
2016-04-18,88.03,89.01,87.86,88.89,242500
2016-04-19,89.22,89.29,88.32,89.03,215800
2016-04-20,88.78,89.53,87.46,89.34,215300
2016-04-21,89.15,89.88,88.02,88.2,227700
2016-04-22,87.85,88.5,87.49,88.15,271600
2016-04-25,87.69,88.23,87.01,87.84,208000
2016-04-26,88.05,88.69,87.41,88.15,147000
2016-04-27,88.09,88.57,87.33,88.05,177000
2016-04-28,87.89,88.39,87.06,87.26,170000
2016-04-29,87.05,87.46,86.65,87.17,219700
2016-05-02,87.07,88.62,86.82,88.32,336000
2016-05-03,87.88,88.31,86.32,87.11,254800
2016-05-04,86.62,87.89,86.17,87.59,304000
2016-05-05,89.33,96.4,89.33,95.16,702100
2016-05-06,95.65,97.78,94.91,97.41,823100
2016-05-09,97.05,97.98,95.89,95.91,640700
2016-05-10,96.4,98.08,95.74,97.97,456900
2016-05-11,97.81,97.94,96.92,97.25,549300
2016-05-12,97.5,98.44,96.77,98.08,549900
2016-05-13,97.97,98.57,97.15,97.6,291400
2016-05-16,97.44,98.44,97.44,98.1,304100
2016-05-17,97.82,98.44,97.06,97.18,347900
2016-05-18,97.08,98.51,96.67,97.78,318500
2016-05-19,97.32,98.46,96.76,98.13,247000
2016-05-20,98.42,99.51,98.31,99.16,320100
2016-05-23,99.23,99.23,98.43,98.84,230800
2016-05-24,99.4,101.31,99.39,101.24,269600
2016-05-25,101.47,101.99,100.95,101.52,289600
2016-05-26,101.39,102.43,100.96,102.02,261900
2016-05-27,101.86,102.55,101.45,102.35,302200
2016-05-31,102.71,103.0,101.59,101.62,560400
2016-06-01,100.94,101.59,100.66,101.5,397400
2016-06-02,101.51,102.54,100.1,102.53,503100
2016-06-03,102.19,102.32,101.23,102.24,201100
2016-06-06,102.62,102.89,102.16,102.23,214600
2016-06-07,102.37,102.4,101.63,102.08,297100
2016-06-08,101.84,102.0,101.52,101.7,335500
2016-06-09,101.14,101.67,100.98,101.16,335400
2016-06-10,100.62,101.01,100.25,100.52,262300
2016-06-13,100.26,101.57,100.26,100.52,367000
2016-06-14,100.38,101.44,100.1,100.81,326900
2016-06-15,100.75,101.51,100.46,100.59,239900
2016-06-16,100.28,101.01,99.42,100.14,411300
2016-06-17,100.0,100.43,98.58,98.65,732700
2016-06-20,99.84,100.43,99.3,99.47,356600
2016-06-21,99.87,99.94,98.58,98.6,643600
2016-06-22,99.08,99.23,98.3,98.41,974800
2016-06-23,99.26,99.84,98.86,99.82,570900
2016-06-24,97.2,98.0,96.05,96.09,443200
2016-06-27,95.03,95.24,91.99,92.37,744000
2016-06-28,93.37,94.35,93.29,93.78,986900
2016-06-29,94.35,95.32,93.88,95.08,1020500
2016-06-30,95.1,97.45,94.61,97.41,757000
2016-07-01,97.29,97.87,97.18,97.4,426700
2016-07-05,97.08,98.04,96.8,97.14,517800
2016-07-06,96.8,97.59,95.97,97.59,698600
2016-07-07,97.58,98.0,97.01,97.32,290900
2016-07-08,97.87,98.67,97.65,98.33,333100
2016-07-11,98.61,99.29,98.42,98.52,190000
2016-07-12,99.2,99.72,98.91,99.06,249600
2016-07-13,99.12,99.59,98.35,98.74,338900
2016-07-14,99.23,99.81,98.74,99.03,248000
2016-07-15,99.09,99.42,97.87,98.52,173100
2016-07-18,98.28,98.7,97.53,97.77,332300
2016-07-19,97.69,98.14,97.53,97.89,189800
2016-07-20,98.24,99.18,97.87,99.04,175400
2016-07-21,98.73,99.0,98.36,98.51,316300
2016-07-22,98.72,99.7,98.3,99.5,174200
2016-07-25,99.44,99.59,98.89,99.04,180800
2016-07-26,99.14,100.2,98.98,100.13,242700
2016-07-27,99.95,100.01,99.05,99.38,241400
2016-07-28,99.55,99.55,98.4,98.9,259900
2016-07-29,98.85,100.42,98.58,100.25,435500
2016-08-01,99.98,100.74,99.65,100.04,262900
2016-08-02,99.85,100.04,98.46,99.04,218800
2016-08-03,98.94,99.54,98.55,99.39,234700
2016-08-04,96.45,97.69,94.58,95.34,670600
2016-08-05,95.62,97.34,94.9,94.95,582200
2016-08-08,94.94,95.55,94.19,94.24,378600
2016-08-09,94.25,94.39,93.9,94.25,250100
2016-08-10,94.52,94.54,94.04,94.48,227100
2016-08-11,94.6,94.72,93.93,94.47,399600
2016-08-12,94.38,94.61,93.32,93.32,195200
2016-08-15,93.73,93.83,93.13,93.32,239500
2016-08-16,92.95,93.05,91.72,91.72,245100
2016-08-17,91.43,91.96,90.09,90.95,692400
2016-08-18,90.88,91.28,90.59,90.99,329000
2016-08-19,90.66,91.54,90.43,91.22,404300
2016-08-22,90.96,91.39,90.74,90.99,417900
2016-08-23,91.21,91.5,90.89,90.91,248600
2016-08-24,90.98,91.27,89.92,90.11,400600
2016-08-25,90.26,91.09,90.2,90.82,453500
2016-08-26,91.1,92.22,90.9,90.98,354100
2016-08-29,90.97,91.76,90.97,91.75,353500
2016-08-30,91.82,92.06,91.56,91.96,339900
2016-08-31,91.68,92.03,90.6,91.0,363500
2016-09-01,90.75,91.2,90.45,90.79,272600
2016-09-02,91.51,92.08,91.14,91.43,321900
2016-09-06,91.43,91.6,90.98,91.34,259300
2016-09-07,91.44,91.93,90.76,91.33,302500
2016-09-08,90.91,91.26,90.1,90.19,211000
2016-09-09,90.05,90.19,88.67,88.68,431500
2016-09-12,88.43,90.13,88.43,89.8,275100
2016-09-13,89.01,89.45,88.23,89.19,516900
2016-09-14,89.4,89.5,88.37,88.67,363800
2016-09-15,88.83,90.4,88.15,90.33,343600
2016-09-16,89.95,90.17,89.36,89.69,474800
2016-09-19,90.26,90.6,89.04,89.43,213600
2016-09-20,90.02,90.02,88.84,88.89,172400
2016-09-21,89.27,89.69,88.28,89.59,254000
2016-09-22,90.33,90.65,89.68,90.51,278800
2016-09-23,89.9,90.52,89.6,90.05,188100
2016-09-26,89.45,90.32,89.27,89.64,293900
2016-09-27,89.62,89.8,88.31,89.35,255400
2016-09-28,89.61,89.62,88.45,89.44,472500
2016-09-29,89.41,89.76,88.07,88.1,188600
2016-09-30,88.34,88.84,87.86,88.45,439000
2016-10-03,88.1,88.96,88.01,88.66,239600
2016-10-04,88.68,88.87,87.77,88.1,254100
2016-10-05,88.38,88.68,88.05,88.28,330500
2016-10-06,87.97,88.27,87.56,88.21,179200
2016-10-07,88.3,88.3,87.17,87.6,359800
2016-10-10,88.2,88.76,87.99,88.28,114300
2016-10-11,87.93,88.44,87.0,87.45,215600
2016-10-12,87.67,89.08,86.68,88.8,256400
2016-10-13,88.02,88.5,87.34,88.3,294000
2016-10-14,88.79,88.79,87.47,87.91,224400
2016-10-17,87.9,87.92,87.15,87.46,219200
2016-10-18,88.09,88.52,87.57,88.13,122500
2016-10-19,88.31,88.54,87.76,87.96,149900
2016-10-20,87.52,88.14,87.18,87.26,149800
2016-10-21,86.98,88.07,86.5,87.76,207400
2016-10-24,88.69,89.05,87.93,88.36,161400
2016-10-25,88.05,88.14,85.97,86.22,278000
2016-10-26,85.61,86.45,85.08,85.54,242500
2016-10-27,85.85,85.85,84.54,85.17,588800
2016-10-28,85.36,86.09,84.98,85.18,272600
2016-10-31,85.27,86.41,85.01,86.04,363200
2016-11-01,86.32,86.69,85.74,86.1,312900
2016-11-02,85.82,87.6,85.79,86.21,488000
2016-11-03,94.5,96.12,92.89,94.04,1081200
2016-11-04,94.58,94.58,92.17,93.39,825400
2016-11-07,94.79,95.58,94.23,95.11,414700
2016-11-08,94.75,98.63,94.75,97.82,710400
2016-11-09,97.0,100.42,95.95,100.38,757000
2016-11-10,100.35,100.87,99.27,100.41,583800
2016-11-11,100.0,101.15,99.48,101.08,360200
2016-11-14,101.15,101.7,101.0,101.56,456300
2016-11-15,101.41,101.82,100.67,101.65,379700
2016-11-16,101.31,102.75,100.92,102.6,315600
2016-11-17,102.6,104.62,102.59,104.54,476800
2016-11-18,104.15,104.41,103.23,103.26,287600
2016-11-21,103.26,104.0,102.88,103.97,467000
2016-11-22,103.86,104.49,103.42,104.06,285700
2016-11-23,103.69,104.28,103.13,103.61,219900
2016-11-25,103.88,104.22,103.33,103.67,99700
2016-11-28,103.71,104.47,103.18,103.38,244700
2016-11-29,103.05,104.27,103.0,104.08,324300
2016-11-30,104.46,104.46,102.79,102.82,487600
2016-12-01,103.07,103.4,100.19,100.97,603600
2016-12-02,101.16,101.53,99.95,100.08,336800
2016-12-05,100.61,101.57,100.24,100.69,374600
2016-12-06,101.2,101.72,100.96,101.56,280900
2016-12-07,101.92,103.64,101.41,103.59,315900
2016-12-08,103.58,105.0,103.04,104.93,345000
2016-12-09,104.84,105.45,103.76,104.3,415500
2016-12-12,103.82,103.82,102.36,102.88,188800
2016-12-13,103.39,104.7,102.79,103.93,273100
2016-12-14,103.78,104.42,102.79,103.12,226300
2016-12-15,103.3,104.49,102.92,103.53,169500
2016-12-16,104.2,104.86,103.37,103.5,677400
2016-12-19,103.24,104.39,103.24,104.39,236200
2016-12-20,104.23,104.23,102.43,103.67,339600
2016-12-21,103.43,104.64,102.92,104.19,211800
2016-12-22,104.0,104.06,102.73,103.29,246800
2016-12-23,103.25,103.76,102.74,102.75,164300
2016-12-27,102.24,103.26,102.24,102.37,184900
2016-12-28,102.49,102.58,100.97,101.47,362300
2016-12-29,101.79,102.43,101.2,101.38,397500
2016-12-30,101.5,101.64,100.7,101.07,448000
2017-01-03,101.36,101.45,99.24,99.86,564200
2017-01-04,100.3,102.39,99.83,101.79,495500
2017-01-05,99.0,99.87,90.37,90.56,5625500
2017-01-06,91.9,95.77,91.62,95.68,3067500
2017-01-09,97.13,97.54,94.77,95.82,1369300
2017-01-10,95.76,98.43,95.76,97.62,1655700
2017-01-11,97.08,100.14,96.83,98.96,1159300
2017-01-12,98.52,100.0,98.08,99.84,926200
2017-01-13,100.29,102.18,100.02,101.94,986000
2017-01-17,102.13,102.13,99.01,99.41,911300
2017-01-18,99.83,100.6,98.98,99.68,674200
2017-01-19,99.42,99.79,98.62,99.01,384100
2017-01-20,99.33,100.25,99.05,99.44,353300
2017-01-23,99.31,100.54,98.96,100.37,491300
2017-01-24,100.44,101.35,100.44,100.95,350400
2017-01-25,101.27,101.83,100.38,101.18,321800
2017-01-26,100.81,101.8,100.49,101.52,522300
2017-01-27,101.67,101.67,100.07,100.56,451900
2017-01-30,100.46,100.51,98.5,99.82,601300
2017-01-31,99.57,99.96,98.59,99.36,1220400
2017-02-01,100.14,100.47,97.83,98.81,639800
2017-02-02,97.06,100.28,95.4,99.15,1661100
2017-02-03,100.26,100.64,98.64,99.6,567200
2017-02-06,99.59,99.89,98.48,99.07,480100
2017-02-07,99.02,99.8,98.21,98.68,493200
2017-02-08,98.94,99.26,97.96,98.85,367900
2017-02-09,98.85,100.79,98.08,100.27,325200
2017-02-10,100.75,101.69,100.43,101.02,313900
2017-02-13,101.46,102.0,100.77,101.42,384200
2017-02-14,100.41,101.81,100.33,101.25,394800
2017-02-15,100.51,102.87,100.36,102.84,652900
2017-02-16,103.0,104.09,102.79,103.43,1070200
2017-02-17,102.41,103.28,102.11,103.13,796100
2017-02-21,102.92,103.75,102.28,103.38,376300
2017-02-22,103.08,103.65,102.1,102.46,438400
2017-02-23,102.28,103.26,101.68,102.54,309200
2017-02-24,101.68,103.73,101.2,103.71,327500
2017-02-27,103.74,104.55,102.94,104.55,380400
2017-02-28,104.5,104.71,103.15,103.21,457000
2017-03-01,104.24,104.97,103.8,104.2,555500
2017-03-02,103.85,104.26,103.17,104.04,456700
2017-03-03,103.46,103.91,102.9,103.41,363900
2017-03-06,102.71,103.4,101.86,103.11,352400
2017-03-07,103.45,104.12,102.35,103.46,519200
2017-03-08,103.12,104.58,102.91,104.3,385800
2017-03-09,104.05,104.8,103.37,104.58,383800
2017-03-10,105.0,106.12,104.86,105.95,520000
2017-03-13,108.8,109.99,108.0,109.18,900400
2017-03-14,108.97,109.93,108.46,109.07,588500
2017-03-15,109.49,112.04,109.36,111.93,1031400
2017-03-16,111.73,112.39,110.96,111.49,569800
2017-03-17,111.4,112.42,111.4,111.47,703000
2017-03-20,111.24,111.75,110.43,111.33,337900
2017-03-21,111.52,112.12,108.97,109.11,568400
2017-03-22,109.07,110.51,108.2,110.44,483900
2017-03-23,110.28,110.48,108.78,108.96,520200
2017-03-24,109.51,109.88,108.66,109.06,356200
2017-03-27,108.16,109.74,107.0,109.38,477500
2017-03-28,109.14,110.04,109.0,109.61,517900
2017-03-29,109.66,109.66,108.45,108.6,529500
2017-03-30,108.22,109.04,107.67,108.75,1271700
2017-03-31,108.75,108.95,107.13,107.99,1096000
2017-04-03,108.08,109.41,107.7,108.95,1520800
2017-04-04,108.87,109.28,107.92,108.7,19351900
2017-04-05,108.85,110.93,108.37,109.23,972300
2017-04-06,110.06,112.0,109.17,110.47,925300
2017-04-07,110.32,110.74,109.77,110.08,779000
2017-04-10,110.15,111.03,109.39,109.79,499500
2017-04-11,109.88,110.0,109.05,109.7,824800
2017-04-12,109.79,109.79,108.81,109.23,823800
2017-04-13,109.13,109.51,108.44,108.93,514800
2017-04-17,109.43,110.86,109.43,110.84,732400
2017-04-18,110.5,111.1,110.16,110.48,520100
2017-04-19,110.69,112.16,110.39,112.07,659000
2017-04-20,112.4,113.34,112.0,112.96,522900
2017-04-21,113.29,113.49,112.4,112.58,395000
2017-04-24,114.0,114.0,113.02,113.42,393800
2017-04-25,113.6,114.04,112.65,113.21,493900
2017-04-26,113.38,113.88,113.06,113.87,475600
2017-04-27,114.11,114.72,113.57,113.99,571400
2017-04-28,114.13,114.3,113.41,114.09,453100
2017-05-01,114.55,114.68,113.55,114.3,470900
2017-05-02,114.44,114.75,114.04,114.33,492500
2017-05-03,113.67,114.01,112.54,113.44,749500
2017-05-04,114.44,116.48,112.83,112.92,930900
2017-05-05,113.44,113.7,111.5,113.22,1208100
2017-05-08,113.42,113.43,112.48,113.32,634400
2017-05-09,113.3,114.0,112.88,113.69,669900
2017-05-10,113.57,113.98,112.71,113.1,496600
2017-05-11,112.64,112.9,112.04,112.66,532300
2017-05-12,112.52,113.31,112.4,113.25,337300
2017-05-15,113.11,114.03,113.06,114.01,405900
2017-05-16,114.01,114.11,113.64,113.83,434500
2017-05-17,113.83,113.83,111.24,111.31,438000
2017-05-18,111.47,112.76,110.76,112.41,495300
2017-05-19,112.81,113.82,112.36,113.41,498900
2017-05-22,113.4,114.47,113.27,113.84,466700
2017-05-23,113.88,114.02,112.93,113.63,459300
2017-05-24,114.0,116.22,113.46,116.11,599700
2017-05-25,116.52,118.67,115.24,117.88,529200
2017-05-26,117.73,118.43,117.32,117.72,517000
2017-05-30,117.84,118.56,117.21,118.48,585900
2017-05-31,118.5,119.85,117.9,119.6,1443000
2017-06-01,119.6,120.76,119.05,120.57,597100
2017-06-02,120.92,120.92,119.95,120.87,515500
2017-06-05,121.08,121.99,120.52,120.58,335100
2017-06-06,120.57,121.18,120.05,120.28,434500
2017-06-07,120.76,120.81,119.28,119.71,380200
2017-06-08,119.71,120.44,119.34,120.35,270800
2017-06-09,120.11,120.67,118.11,118.71,368600
2017-06-12,118.25,119.66,117.05,119.44,352200
2017-06-13,119.25,120.81,119.25,120.77,274100
2017-06-14,121.41,122.66,120.42,121.72,429000
2017-06-15,121.01,122.89,120.88,122.65,319900
2017-06-16,122.72,122.93,121.66,122.31,589800
2017-06-19,122.7,123.72,122.7,123.69,329100
2017-06-20,123.59,124.37,122.96,122.99,315400
2017-06-21,122.99,123.36,122.5,123.22,283300
2017-06-22,123.36,123.53,122.22,123.0,194600
2017-06-23,122.99,124.33,122.6,123.98,553200
2017-06-26,124.12,124.39,122.82,123.59,416400
2017-06-27,123.7,123.98,122.82,122.88,568800
2017-06-28,123.38,124.92,122.69,124.61,397500
2017-06-29,124.4,124.54,122.52,123.56,400200
2017-06-30,124.42,124.52,123.42,123.51,726700
2017-07-03,124.24,124.92,123.68,124.1,278300
2017-07-05,124.42,125.44,123.91,125.2,413200
2017-07-06,124.56,124.88,123.31,124.36,356100
2017-07-07,124.85,126.47,124.52,125.37,536800
2017-07-10,125.63,126.51,125.24,126.22,333300
2017-07-11,126.2,126.67,125.51,126.08,336900
2017-07-12,126.79,128.29,126.53,127.0,284000
2017-07-13,127.0,127.3,125.89,126.16,332900
2017-07-14,126.27,127.0,126.15,126.83,213400
2017-07-17,126.75,127.44,126.15,126.85,195400
2017-07-18,126.74,127.17,126.01,127.15,398100
2017-07-19,127.84,128.9,127.47,128.85,536300
2017-07-20,128.99,129.24,127.44,127.44,495000
2017-07-21,127.26,128.65,126.99,128.26,655100
2017-07-24,128.38,128.94,128.24,128.46,437800
2017-07-25,128.91,129.02,128.21,128.47,273000
2017-07-26,128.57,129.57,128.52,129.53,212100
2017-07-27,129.77,130.02,126.61,128.23,333900
2017-07-28,128.0,128.32,127.28,128.03,362400
2017-07-31,128.27,128.94,127.15,128.32,409800
2017-08-01,129.13,129.13,127.52,128.22,826900
2017-08-02,128.18,128.18,126.06,126.81,414400
2017-08-03,126.65,127.73,126.18,127.56,472000
2017-08-04,127.68,128.3,126.68,126.94,466000
2017-08-07,127.24,127.84,125.63,126.25,747800
2017-08-08,121.73,123.34,119.58,122.3,1911500
2017-08-09,122.1,122.36,119.05,120.1,1085800
2017-08-10,119.46,120.14,116.8,117.11,987500
2017-08-11,117.51,117.65,115.86,116.92,952400
2017-08-14,118.05,118.74,117.46,117.82,492500
2017-08-15,117.76,117.89,116.77,117.18,440800
2017-08-16,117.12,119.09,116.61,119.08,692000
2017-08-17,118.91,120.45,118.27,120.32,1017100
2017-08-18,119.87,120.06,118.88,119.51,746200
2017-08-21,119.71,119.71,117.61,118.75,437600
2017-08-22,119.04,119.5,118.46,119.27,459600
2017-08-23,118.76,119.12,118.58,118.72,399200
2017-08-24,119.04,119.21,118.61,118.74,375000
2017-08-25,119.05,119.24,118.56,118.75,356100
2017-08-28,118.91,119.2,118.39,118.84,344500
2017-08-29,118.16,118.64,117.14,118.08,498500
2017-08-30,118.11,120.63,118.11,120.29,487500
2017-08-31,120.5,120.94,119.69,120.59,545400
2017-09-01,120.64,121.07,119.06,120.79,439000
2017-09-05,120.02,120.9,119.38,120.22,593300
2017-09-06,120.65,121.61,120.5,121.34,447200
2017-09-07,121.55,123.52,121.2,122.59,598400
2017-09-08,122.44,124.95,122.29,124.37,707700
2017-09-11,125.0,126.18,123.99,125.4,648100
2017-09-12,125.65,126.07,125.28,126.01,409600
2017-09-13,125.55,126.05,125.46,125.79,347300
2017-09-14,125.58,125.58,122.14,122.24,841100
2017-09-15,122.06,122.47,120.14,121.26,1483400
2017-09-18,121.72,122.77,121.19,122.63,382900
2017-09-19,122.85,123.83,122.44,123.44,516700
2017-09-20,123.66,124.52,123.17,124.42,470500
2017-09-21,124.49,124.56,123.1,123.38,377800
2017-09-22,123.34,124.28,122.87,124.18,334200
2017-09-25,124.19,124.19,122.38,123.7,374300
2017-09-26,124.1,124.91,122.91,124.1,354600
2017-09-27,124.58,125.0,123.21,123.37,424800
2017-09-28,122.87,123.4,122.03,123.37,232400
2017-09-29,123.4,125.18,123.04,124.41,525000
2017-10-02,124.29,125.34,123.92,124.57,557000
2017-10-03,124.89,125.05,123.12,124.56,417100
2017-10-04,124.61,124.98,122.86,122.92,481400
2017-10-05,123.18,123.37,122.62,122.75,474700
2017-10-06,122.68,123.09,122.09,122.39,1078400
2017-10-09,122.52,124.07,122.36,123.49,803900
2017-10-10,124.05,124.14,123.47,123.75,381600
2017-10-11,123.78,124.33,123.65,123.99,445000
2017-10-12,123.9,124.51,123.42,123.58,455100
2017-10-13,124.36,124.48,122.99,124.24,381600
2017-10-16,124.21,124.77,123.46,123.95,685700
2017-10-17,123.74,124.15,122.05,122.18,681400
2017-10-18,122.42,122.97,121.99,122.27,346900
2017-10-19,122.24,123.24,121.5,123.24,394700
2017-10-20,123.73,125.85,123.73,125.28,414500
2017-10-23,125.69,125.72,124.72,124.78,324600
2017-10-24,124.81,125.07,122.34,123.02,1028000
2017-10-25,123.33,124.96,122.95,124.07,1104000
2017-10-26,124.49,126.09,124.29,124.75,561900
2017-10-27,124.96,125.44,124.2,125.15,477000
2017-10-30,125.27,125.56,123.69,124.38,629100
2017-10-31,124.58,125.39,124.38,125.31,624000
2017-11-01,125.75,126.22,124.45,125.6,705900
2017-11-02,124.34,124.81,119.32,120.34,1639400
2017-11-03,120.06,120.78,117.79,118.66,836700
2017-11-06,118.42,119.5,117.65,118.55,584300
2017-11-07,118.43,118.98,117.21,117.75,533000
2017-11-08,119.0,119.01,117.17,118.81,516400
2017-11-09,117.97,118.26,116.0,117.34,486400
2017-11-10,116.85,117.78,116.22,117.48,493800
2017-11-13,116.92,117.38,116.18,116.32,420900
2017-11-14,116.34,117.66,116.06,117.64,455900
2017-11-15,117.24,117.67,116.13,117.3,457000
2017-11-16,117.88,119.28,117.12,118.97,580600
2017-11-17,118.48,118.48,116.78,116.9,587600
2017-11-20,117.43,118.01,116.38,116.62,331900
2017-11-21,117.5,118.18,116.87,117.19,461100
2017-11-22,116.98,117.05,115.8,115.99,603800
2017-11-24,115.96,116.45,115.01,116.39,272900
2017-11-27,116.72,118.55,116.21,118.32,532300
2017-11-28,118.35,119.57,118.11,119.49,310500
2017-11-29,119.96,119.96,118.4,119.31,650600
2017-11-30,119.35,121.0,119.24,120.89,728400
2017-12-01,120.94,121.93,118.61,119.95,624700
2017-12-04,120.74,122.05,119.89,121.25,719800
2017-12-05,121.68,122.51,120.51,121.52,556100
2017-12-06,121.05,122.42,119.4,119.48,717500
2017-12-07,119.55,120.38,119.29,120.23,679600
2017-12-08,120.56,121.29,119.48,120.71,505900
2017-12-11,120.45,121.14,119.76,120.01,358200
2017-12-12,119.72,121.01,119.08,120.65,328400
2017-12-13,120.56,121.78,120.38,121.33,334100
2017-12-14,121.14,121.76,120.01,120.05,280100
2017-12-15,120.54,123.09,120.27,122.51,633400
2017-12-18,123.11,124.92,123.11,124.43,493300
2017-12-19,124.51,124.68,123.39,123.45,339200
2017-12-20,123.85,124.44,122.63,123.66,369400
2017-12-21,123.91,124.21,122.77,123.02,311800
2017-12-22,123.38,123.69,122.71,123.59,244000
2017-12-26,123.23,123.69,122.77,123.09,468700
2017-12-27,123.61,124.09,122.66,123.97,259100
2017-12-28,124.15,124.35,122.9,123.89,362500
2017-12-29,124.22,124.43,122.9,123.15,398100
2018-01-02,123.24,125.0,123.08,124.85,523900
2018-01-03,124.73,126.08,124.73,125.19,464500
2018-01-04,125.28,128.83,125.28,127.3,828300
2018-01-05,127.42,129.36,127.42,129.34,437700
2018-01-08,129.63,130.39,128.98,130.31,524400
2018-01-09,130.51,130.55,128.86,128.95,335700
2018-01-10,128.43,128.93,127.68,128.16,289400
2018-01-11,128.49,129.67,128.27,129.61,209400
2018-01-12,129.57,130.5,128.88,130.13,244900
2018-01-16,130.65,131.91,129.71,130.04,396500
2018-01-17,130.73,133.06,130.03,132.13,490500
2018-01-18,132.23,134.02,131.79,134.0,712000
2018-01-19,134.8,138.26,134.1,137.35,771000
2018-01-22,137.4,138.5,136.88,138.45,606900
2018-01-23,138.56,139.5,137.95,139.21,386100
2018-01-24,139.73,141.73,139.17,140.19,637200
2018-01-25,140.87,140.87,139.8,140.12,269600
2018-01-26,140.38,142.16,139.72,142.14,368400
2018-01-29,141.57,141.82,139.65,139.67,531700
2018-01-30,139.32,140.0,138.74,139.04,390000
2018-01-31,139.82,140.89,138.33,138.74,520300
2018-02-01,138.71,138.91,137.08,138.83,596400
2018-02-02,138.21,139.06,135.19,135.19,523200
2018-02-05,134.61,135.71,128.25,128.25,891700
2018-02-06,119.73,124.92,116.88,124.02,2662700
2018-02-07,123.13,123.98,119.41,119.45,1640500
2018-02-08,120.0,120.0,114.22,114.26,1124400
2018-02-09,115.22,117.0,112.05,115.49,1656400
2018-02-12,116.32,118.89,115.93,118.24,854200
2018-02-13,117.45,118.9,116.97,118.85,636500
2018-02-14,118.19,121.27,117.97,120.46,972900
2018-02-15,121.37,121.37,117.7,117.93,1285400
2018-02-16,117.62,118.61,116.83,118.04,749400
2018-02-20,117.69,118.12,115.65,115.97,741100
2018-02-21,116.16,116.81,114.03,114.1,1008900
2018-02-22,114.61,116.99,114.23,115.54,693500
2018-02-23,116.0,117.05,114.98,116.99,558200
2018-02-26,117.81,118.27,115.04,117.96,800500
2018-02-27,117.9,118.15,115.78,115.93,509100
2018-02-28,116.56,116.7,113.4,113.41,943400
2018-03-01,113.51,114.17,111.57,113.77,1321300
2018-03-02,113.07,117.07,112.56,116.65,1124100
2018-03-05,115.87,119.7,115.5,119.38,1152300
2018-03-06,119.6,121.17,118.7,120.96,1034400
2018-03-07,119.8,123.41,119.73,122.96,950800
2018-03-08,123.45,123.61,120.19,120.55,587600
2018-03-09,121.14,122.88,120.72,122.81,607700
2018-03-12,123.24,124.41,122.8,124.08,575400
2018-03-13,124.52,124.7,123.63,124.33,636800
2018-03-14,124.55,124.65,122.25,123.21,705400
2018-03-15,123.28,123.7,122.0,123.15,518200
2018-03-16,123.71,124.71,123.03,124.02,700600
2018-03-19,123.36,123.58,122.42,123.4,625700
2018-03-20,123.7,125.21,122.96,124.17,836500
2018-03-21,124.12,124.42,122.77,122.85,546700
2018-03-22,121.74,122.2,119.26,119.42,771900
2018-03-23,119.38,120.9,117.51,117.69,959500
2018-03-26,118.91,119.7,117.25,119.55,876200
2018-03-27,119.57,120.19,116.87,117.61,664500
2018-03-28,117.71,117.71,115.4,116.81,745900
2018-03-29,117.16,118.74,116.12,117.62,934600
2018-04-02,117.65,118.08,115.04,116.06,642800
2018-04-03,116.43,117.49,115.91,116.79,675200
2018-04-04,115.46,118.29,115.29,117.97,628200
2018-04-05,118.4,119.35,117.51,118.76,413800
2018-04-06,118.09,118.91,115.28,116.29,683600
2018-04-09,116.74,118.31,116.18,116.27,633400
2018-04-10,117.47,118.13,116.83,117.31,464800
2018-04-11,116.29,117.61,116.07,116.32,400700
2018-04-12,116.74,117.38,116.05,116.64,640600
2018-04-13,116.87,117.67,114.4,115.06,566300
2018-04-16,115.87,117.21,115.38,116.69,577500
2018-04-17,117.19,118.1,116.72,117.84,430400
2018-04-18,117.87,119.09,117.46,118.14,369000
2018-04-19,117.9,119.11,117.84,118.88,502100
2018-04-20,118.83,119.24,117.25,117.72,497200
2018-04-23,118.23,118.32,117.05,117.87,520300
2018-04-24,118.45,119.24,117.41,118.0,821800
2018-04-25,117.68,117.96,116.28,117.38,388500
2018-04-26,117.94,119.6,117.39,119.32,438600
2018-04-27,119.59,121.52,119.34,121.18,1000300
2018-04-30,121.35,122.04,120.68,121.29,996400
2018-05-01,120.75,122.44,120.72,122.01,1084900
2018-05-02,121.73,121.73,119.93,120.66,590200
2018-05-03,120.86,121.32,119.48,121.2,814800
2018-05-04,120.52,123.5,120.47,123.02,635100
2018-05-07,123.0,124.83,122.56,123.79,1354700
2018-05-08,125.24,132.19,125.24,130.53,1295400
2018-05-09,130.84,135.12,130.22,133.54,879800
2018-05-10,133.99,134.38,131.73,134.37,1056800
2018-05-11,134.63,136.24,134.24,135.04,1089000
2018-05-14,135.23,135.4,133.54,134.8,874700
2018-05-15,134.04,135.8,133.55,135.17,1266200
2018-05-16,135.15,136.04,133.99,135.73,517100
2018-05-17,135.31,136.24,132.96,133.23,1051700
2018-05-18,133.25,135.91,132.84,134.23,912600
2018-05-21,134.55,135.14,132.13,132.25,878700
2018-05-22,132.3,133.02,130.44,131.35,935700
2018-05-23,131.13,132.11,130.77,131.76,829000
2018-05-24,131.84,132.03,130.4,131.3,965500
2018-05-25,131.05,132.01,130.23,130.64,938500
2018-05-29,129.9,131.23,128.73,131.05,896500
2018-05-30,131.59,132.97,131.07,132.5,750800
2018-05-31,132.5,133.28,131.44,132.74,2219300
2018-06-01,133.5,133.83,132.4,132.65,913200
2018-06-04,133.31,135.85,132.88,135.42,495600
2018-06-05,135.28,136.44,134.61,135.16,367800
2018-06-06,135.14,137.79,135.14,137.32,408400
2018-06-07,137.59,138.21,136.78,137.37,794700
2018-06-08,137.07,137.83,136.45,137.73,365000
2018-06-11,138.22,138.41,137.1,137.16,406600
2018-06-12,137.49,138.81,136.96,138.47,272500
2018-06-13,138.83,138.88,137.46,137.5,336500
2018-06-14,137.74,138.19,136.85,137.29,411900
2018-06-15,137.5,138.69,136.95,137.94,754500
2018-06-18,137.68,138.25,136.7,137.76,361400
2018-06-19,136.72,137.79,135.91,137.2,539800
2018-06-20,137.32,137.7,136.04,136.52,522400
2018-06-21,136.66,137.23,135.38,135.82,318700
2018-06-22,136.08,137.42,134.64,134.96,1090500
2018-06-25,134.85,134.85,132.0,132.97,442000
2018-06-26,133.19,134.38,132.67,133.53,333600
2018-06-27,133.76,134.68,130.73,130.81,567300
2018-06-28,130.83,134.69,130.74,133.55,667600
2018-06-29,133.86,134.55,132.77,132.9,581200
2018-07-02,132.08,133.42,132.08,133.33,318000
2018-07-03,134.09,135.7,134.09,134.88,277400
2018-07-05,135.36,136.6,133.99,136.32,593500
2018-07-06,136.36,138.68,136.2,137.96,299800
2018-07-09,138.7,140.32,138.18,139.07,465600
2018-07-10,139.49,140.16,138.67,140.0,425500
2018-07-11,138.97,140.07,138.82,139.77,369500
2018-07-12,140.94,141.5,140.26,140.97,475900
2018-07-13,141.0,142.1,139.53,139.96,284900
2018-07-16,139.98,140.41,138.88,139.66,245200
2018-07-17,139.11,140.41,138.67,139.97,242400
2018-07-18,139.86,140.55,138.79,140.13,238400
2018-07-19,139.77,140.85,139.52,139.63,289400
2018-07-20,139.32,139.83,138.67,138.84,412300
2018-07-23,138.62,139.55,138.41,139.54,269300
2018-07-24,140.16,140.16,136.23,137.75,436900
2018-07-25,137.67,139.65,137.55,139.56,346200
2018-07-26,139.55,140.53,139.15,139.17,345200
2018-07-27,139.68,139.68,134.71,136.3,293700
2018-07-30,135.98,136.82,133.91,134.79,429500
2018-07-31,135.63,135.76,134.42,135.43,606500
2018-08-01,131.36,131.5,128.0,130.89,1328400
2018-08-02,130.34,135.01,130.23,134.81,813400
2018-08-03,135.01,138.25,134.33,138.2,496900
2018-08-06,138.27,140.35,137.52,140.03,395400
2018-08-07,140.38,140.85,138.35,138.76,665400
2018-08-08,139.16,139.7,138.07,138.27,384000
2018-08-09,138.27,139.98,138.26,139.66,430900
2018-08-10,139.33,141.54,138.99,140.32,830900
2018-08-13,139.94,140.99,139.04,139.13,249300
2018-08-14,139.7,141.33,139.25,140.93,366300
2018-08-15,140.52,141.33,139.19,139.72,329600
2018-08-16,140.44,141.49,139.79,141.35,236900
2018-08-17,141.42,143.31,140.82,143.12,518600
2018-08-20,143.5,145.35,142.75,144.92,574400
2018-08-21,145.05,145.58,143.98,144.13,377200
2018-08-22,144.02,145.34,143.7,145.15,261500
2018-08-23,145.35,145.99,144.39,145.26,278800
2018-08-24,145.59,145.98,144.68,145.37,272500
2018-08-27,145.91,147.46,145.08,147.38,326500
2018-08-28,147.48,148.59,147.26,148.22,385900
2018-08-29,148.45,149.62,148.17,148.64,354300
2018-08-30,148.43,148.43,146.75,147.62,281700
2018-08-31,147.7,149.97,147.7,149.76,394800
2018-09-04,149.76,152.76,148.71,152.32,593000
2018-09-05,152.08,153.98,150.74,153.49,584900
2018-09-06,153.68,154.2,152.03,153.6,383600
2018-09-07,153.21,154.06,152.08,152.39,313600
2018-09-10,152.89,153.16,151.3,152.7,480500
2018-09-11,153.08,155.53,152.28,155.03,533500
2018-09-12,154.91,159.17,154.06,156.27,944200
2018-09-13,156.74,158.1,156.28,157.94,483100
2018-09-14,158.38,158.38,155.9,156.22,750200
2018-09-17,155.98,156.21,153.38,153.44,554000
2018-09-18,153.74,154.22,152.84,153.19,806600
2018-09-19,153.49,154.14,151.46,154.05,677600
2018-09-20,154.95,157.18,153.98,156.91,402600
2018-09-21,157.27,159.92,156.1,158.45,1049800
2018-09-24,158.02,158.41,156.03,157.01,443600
2018-09-25,157.74,161.21,157.6,160.0,737900
2018-09-26,160.09,160.96,158.73,158.95,664600
2018-09-27,158.95,159.59,157.45,159.31,461900
2018-09-28,159.78,160.6,157.13,158.5,856800
2018-10-01,159.51,160.29,157.74,158.27,391000
2018-10-02,157.71,160.14,157.63,158.41,503400
2018-10-03,159.17,159.78,158.18,158.64,393000
2018-10-04,157.9,158.54,155.37,156.2,426200
2018-10-05,155.75,156.87,153.8,154.74,793900
2018-10-08,154.33,154.62,151.03,153.21,779600
2018-10-09,153.18,154.11,151.72,152.54,597300
2018-10-10,151.98,152.49,146.46,146.67,1024800
2018-10-11,146.34,148.54,144.38,145.05,719400
2018-10-12,147.87,149.26,145.5,148.79,964300
2018-10-15,147.99,148.36,146.74,147.05,628100
2018-10-16,148.76,151.92,148.49,151.14,863300
2018-10-17,150.79,151.75,148.73,149.31,784100
2018-10-18,149.15,149.51,143.91,145.05,976700
2018-10-19,145.62,149.31,145.32,146.24,669100
2018-10-22,146.62,148.45,145.29,147.84,592400
2018-10-23,146.02,146.92,143.89,146.38,1137300
2018-10-24,146.12,147.7,141.7,141.92,668900
2018-10-25,142.96,145.21,142.96,144.34,631300
2018-10-26,141.94,144.88,140.47,142.64,504700
2018-10-29,144.4,147.34,139.08,140.86,952500
2018-10-30,141.19,143.76,140.43,142.23,1830600
2018-10-31,144.28,149.88,144.28,147.52,1608700
2018-11-01,144.58,149.44,139.98,141.88,2187700
2018-11-02,140.56,144.16,140.41,142.03,1281500
2018-11-05,142.31,143.43,139.09,140.85,477900
2018-11-06,140.87,142.26,140.44,142.21,480400
2018-11-07,143.08,146.5,143.08,145.57,443200
2018-11-08,144.79,146.91,144.29,146.78,408600
2018-11-09,146.45,148.05,145.93,147.64,596000
2018-11-12,147.09,148.43,145.35,145.52,536500
2018-11-13,145.9,147.03,144.14,145.46,594400
2018-11-14,146.75,147.38,141.41,142.85,409100
2018-11-15,142.52,145.71,141.27,145.61,420500
2018-11-16,144.57,147.89,143.99,147.15,656700
2018-11-19,147.2,147.54,144.21,145.34,489300
2018-11-20,143.34,146.05,142.4,144.01,575000
2018-11-21,145.22,148.02,144.84,146.01,463600
2018-11-23,144.89,147.51,144.31,146.13,218800
2018-11-26,147.56,148.36,146.21,147.08,478400
2018-11-27,146.72,148.08,146.03,147.9,371400
2018-11-28,149.03,153.72,148.72,153.72,814200
2018-11-29,153.41,155.95,151.93,153.15,721200
2018-11-30,153.15,155.07,152.63,153.19,773400
2018-12-03,155.37,155.45,150.72,153.77,752400
2018-12-04,152.71,154.27,149.72,149.93,671800
2018-12-06,147.18,149.37,145.88,147.9,707500
2018-12-07,147.9,149.07,143.02,143.9,680700
2018-12-10,143.79,144.78,141.57,143.25,788000
2018-12-11,145.0,145.42,142.51,143.78,402800
2018-12-12,144.93,146.37,144.4,144.78,312700
2018-12-13,145.64,145.64,142.99,144.29,378000
2018-12-14,143.0,143.34,138.44,139.13,687500
2018-12-17,138.4,138.86,132.71,133.34,838600
2018-12-18,134.56,134.92,132.21,132.6,617000
2018-12-19,133.24,136.03,129.47,130.71,1764800
2018-12-20,130.2,130.89,126.75,129.11,1332100
2018-12-21,128.19,129.96,126.22,126.46,1245500
2018-12-24,125.64,126.78,123.0,123.06,342700
2018-12-26,123.62,128.4,122.38,128.4,612900
2018-12-27,126.26,127.21,120.89,125.55,1199600
2018-12-28,125.78,127.15,124.5,125.71,810400
